-- phpMyAdmin SQL Dump
-- version 5.0.4
-- https://www.phpmyadmin.net/
--
-- Host: 127.0.0.1
-- Generation Time: May 25, 2021 at 05:46 AM
-- Server version: 10.4.16-MariaDB
-- PHP Version: 7.4.12

SET SQL_MODE = "NO_AUTO_VALUE_ON_ZERO";
START TRANSACTION;
SET time_zone = "+00:00";


/*!40101 SET @OLD_CHARACTER_SET_CLIENT=@@CHARACTER_SET_CLIENT */;
/*!40101 SET @OLD_CHARACTER_SET_RESULTS=@@CHARACTER_SET_RESULTS */;
/*!40101 SET @OLD_COLLATION_CONNECTION=@@COLLATION_CONNECTION */;
/*!40101 SET NAMES utf8mb4 */;

--
-- Database: `db_pstech`
--

-- --------------------------------------------------------

--
-- Table structure for table `branch`
--

CREATE TABLE `branch` (
  `b_id` tinyint(4) NOT NULL,
  `b_name` varchar(50) NOT NULL,
  `d_id` tinyint(4) NOT NULL
) ENGINE=InnoDB DEFAULT CHARSET=utf8;

--
-- Dumping data for table `branch`
--

INSERT INTO `branch` (`b_id`, `b_name`, `d_id`) VALUES
(1, 'คอมพิวเตอร์ธุรกิจ ปวช.', 2),
(2, 'การบัญชี ปวช.', 2),
(3, 'ยานยนต์ ปวช.', 1),
(4, 'อิเล็คทรอนิกส์ ปวช.', 1),
(5, 'ธุรกิจค้าปลีกสมัยใหม่ ปวช.', 2),
(6, 'ธุรกิจค้าปลีก ร้านอาหารและบริการ ปวช.', 1),
(7, 'เทคโนโลยีดิจิทัล ปวส.', 2),
(8, 'การบัญชี ปวส.', 2),
(9, 'อิเล็คทรอนิกส์ ปวส.', 1),
(10, 'เทคนิคยานยนต์ ปวส.', 1),
(11, 'ธุรกิจค้าปลีก ร้านอาหารและบริการ ปวส.', 2),
(12, 'ธุรกิจค้าปลีกสมัยใหม่ ปวส.', 2);

-- --------------------------------------------------------

--
-- Table structure for table `class`
--

CREATE TABLE `class` (
  `class_id` int(11) NOT NULL,
  `class_name` varchar(50) NOT NULL,
  `b_id` tinyint(4) NOT NULL
) ENGINE=InnoDB DEFAULT CHARSET=utf8;

--
-- Dumping data for table `class`
--

INSERT INTO `class` (`class_id`, `class_name`, `b_id`) VALUES
(1, '25630201', 1),
(2, '25630202', 2),
(3, '25630103', 3),
(4, '25630104', 4),
(5, '25630205', 5),
(6, '25630206', 6),
(7, '25630207', 7),
(8, '25630208', 8),
(9, '25630109', 9),
(10, '25630110', 10),
(11, '25630211', 11),
(12, '25630212', 12),
(14, '25620201', 1),
(15, '25620202', 2),
(16, '25620103', 3),
(17, '25610201', 1),
(18, '25610202', 2),
(19, '25610103', 3);

-- --------------------------------------------------------

--
-- Table structure for table `classroom`
--

CREATE TABLE `classroom` (
  `classroom_id` int(11) NOT NULL,
  `class_id` int(11) NOT NULL,
  `c_id` smallint(6) NOT NULL,
  `y_id` tinyint(4) NOT NULL,
  `t_id` tinyint(4) NOT NULL,
  `day_id` char(1) NOT NULL,
  `time_id` tinyint(4) NOT NULL,
  `classroom_st` char(1) NOT NULL
) ENGINE=InnoDB DEFAULT CHARSET=utf8;

--
-- Dumping data for table `classroom`
--

INSERT INTO `classroom` (`classroom_id`, `class_id`, `c_id`, `y_id`, `t_id`, `day_id`, `time_id`, `classroom_st`) VALUES
(1, 1, 1, 1, 5, '1', 1, '3'),
(2, 1, 14, 1, 4, '1', 2, '1'),
(3, 1, 28, 1, 6, '2', 1, '2'),
(4, 1, 21, 1, 5, '2', 2, '1'),
(5, 1, 13, 1, 4, '3', 1, '1'),
(6, 1, 11, 1, 5, '3', 3, '1'),
(7, 1, 34, 1, 5, '3', 4, '1'),
(8, 1, 19, 1, 6, '4', 1, '1'),
(9, 1, 27, 1, 5, '4', 2, '1'),
(10, 1, 2, 1, 4, '5', 1, '1'),
(11, 1, 4, 1, 4, '5', 2, '1'),
(13, 1, 34, 3, 5, '3', 4, '1');

-- --------------------------------------------------------

--
-- Table structure for table `course`
--

CREATE TABLE `course` (
  `c_id` tinyint(4) NOT NULL,
  `c_num` varchar(20) NOT NULL,
  `c_name` varchar(100) NOT NULL,
  `c_credit` int(11) NOT NULL,
  `c_ot` varchar(500) NOT NULL,
  `c_status` char(1) NOT NULL
) ENGINE=InnoDB DEFAULT CHARSET=utf8;

--
-- Dumping data for table `course`
--

INSERT INTO `course` (`c_id`, `c_num`, `c_name`, `c_credit`, `c_ot`, `c_status`) VALUES
(1, '20204-2208', 'การสร้างเว็บไซต์', 3, 'ศึกษาและปฏิบัติเกี่ยวกับกระบวนการและโครงสร้างการทำงานของเว็บไซต์ การออกแบบเว็บไซต์ การสร้างเว็บไซต์ด้วยโปรแกรมภาษาหรือโปรแกรมสำเร็จรูปหรือโปรแกรมระบบ CMS (Content Management System) การทดสอบการทำงานของเว็บไซต์ และการอัพโหลด(Upload)เว็บไซต์', '3'),
(2, '20000-1101', 'ภาษาไทยพื้นฐาน', 2, '-', '0'),
(3, '20000-1102', 'ภาษาไทยเพื่ออาชีพ', 2, '-', '0'),
(4, '20000-1201', 'ภาษาอังกฤษในชีวิตจริง', 2, '-', '0'),
(5, '20000-1208', 'ภาษาอังกฤษเตรียมความพร้อมเพื่อการทำงาน', 2, '-', '0'),
(6, '20000-1301', 'วิทยาศาสตร์เพื่อพัฒนาทักษะชีวิต', 2, '-', '0'),
(7, '20000-1401', 'คณิตศาสตร์พื้นฐานอาชีพ', 2, '-', '0'),
(8, '20000-1404', 'คณิตศาสตร์ธุรกิจบริการ', 2, '-', '0'),
(9, '20000-1501', 'หน้าที่ผลเมืองและศีลธรรม', 2, '-', '0'),
(10, '20000-1506', 'เหตุการณ์ปัจจุบัน', 2, '-', '0'),
(11, '20000-1602', 'เพศวิถีศึกษา', 2, '-', '0'),
(12, '20001-2001', 'คอมพิวเตอร์และสารสนเทศเพื่องานอาชีพ', 3, '-', '1'),
(13, '20200-1001', 'เศรษฐศาสตร์เบื้องต้น', 3, '-', '1'),
(14, '20200-1002', 'การบัญชีเบื้องต้น', 3, '-', '1'),
(15, '20200-1003', 'การขายเบื้องต้น', 3, '-', '1'),
(16, '20200-1004', 'พิมพ์ดีดไทยเบื้องต้น', 3, '-', '1'),
(17, '20200-1005', 'พิมพ์อังกฤษเบื้องต้น', 3, '-', '1'),
(18, '20001-1002', 'พลังงาน ทรัพยากรและสิ่งแวดล้อม', 3, '-', '1'),
(19, '20204-2001', 'ระบบปฏิบัติการเบื้องต้น', 3, '-', '3'),
(20, '20204-2002', 'คอมพิวเตอร์และการบำรุงรักษา', 3, '-', '3'),
(21, '20204-2003', 'คณิตศาสตร์คอมพิวเตอร์', 3, '-', '3'),
(22, '20204-2004', 'หลักการเขียนโปรแกรม', 3, '-', '3'),
(23, '20204-2007', 'โปรแกรมกราฟิก', 3, '-', '3'),
(24, '20204-2009', 'จริยธรรมและกฏหมายคอมพิวเตอร์', 3, '-', '3'),
(25, '20204-2005', 'เครือข่ายคอมพิวเตอร์เบื้องต้น', 3, '-', '3'),
(26, '20204-2102', 'โปรแกรมประมวลผลคำ', 3, '-', '3'),
(27, '20204-2103', 'โปรแกรมตารางาน', 3, '-', '3'),
(28, '20204-2104', 'โปรแกรมนำเสนอ', 3, '-', '3'),
(29, '20204-2105', 'โปรแกรมฐานข้อมูล', 3, '+', '3'),
(30, '20204-2109', 'การผลิตสื่อสิ่งพิมพ์', 3, '-', '3'),
(31, '20204-2110', 'โปรแกรมมัลติมีเดีย', 3, '-', '3'),
(32, '20204-8001', 'ฝึกงาน', 4, '-', '0'),
(33, '20204-8501', 'โครงงาน', 4, '-', '0'),
(34, '-', 'ชมรมวิชาชีพ', 3, '-', '0');

-- --------------------------------------------------------

--
-- Table structure for table `day`
--

CREATE TABLE `day` (
  `day_id` tinyint(4) NOT NULL,
  `day_name` varchar(10) NOT NULL
) ENGINE=InnoDB DEFAULT CHARSET=utf8;

--
-- Dumping data for table `day`
--

INSERT INTO `day` (`day_id`, `day_name`) VALUES
(1, 'จันทร์'),
(2, 'อังคาร'),
(3, 'พุธ'),
(4, 'พฤหัสบดี'),
(5, 'ศุกร์');

-- --------------------------------------------------------

--
-- Table structure for table `department`
--

CREATE TABLE `department` (
  `d_id` tinyint(4) NOT NULL,
  `d_name` varchar(30) NOT NULL
) ENGINE=InnoDB DEFAULT CHARSET=utf8;

--
-- Dumping data for table `department`
--

INSERT INTO `department` (`d_id`, `d_name`) VALUES
(1, 'อุตสหกรรม'),
(2, 'พาณิชยกรรม');

-- --------------------------------------------------------

--
-- Table structure for table `father`
--

CREATE TABLE `father` (
  `id_f` smallint(6) NOT NULL,
  `f_id` varchar(13) NOT NULL,
  `f_name` varchar(100) NOT NULL,
  `f_tel` varchar(10) NOT NULL
) ENGINE=InnoDB DEFAULT CHARSET=utf8;

--
-- Dumping data for table `father`
--

INSERT INTO `father` (`id_f`, `f_id`, `f_name`, `f_tel`) VALUES
(1, '6695003215012', 'ดีใจ คงทน', '0836544048'),
(2, '6102254853320', 'มนคัง จันสวย', '0839666581'),
(3, '2330125462013', 'หมาย ชุมแสง', '0852145021'),
(4, '4500120366542', 'ณรงค์ คงเคน', '0622915581'),
(5, '1322022152036', 'มงคล สิทธิใส', '0836544040'),
(6, '5556201201320', 'สดุดี มาธี', '0836614578'),
(7, '5633520011455', 'สา พรมกล้า', '0836665124'),
(8, '3213216302612', 'ดีเด่น แสนชัย', '0811235200'),
(9, '8325124756821', 'สุมา ตรีนัน', '0844120235'),
(10, '6640318002128', 'เด่น มงคล', '0822212351'),
(11, '8525154748205', 'กร แสนแสน', '0855554565'),
(12, '7712765216887', 'ชัยถูมิ ดำรง', '0866541253'),
(13, '3157372373518', 'สาดี จันทร์ศรี', '0866652322'),
(14, '8007018474448', 'สอน คนงาม', '0836652563'),
(15, '8251624586132', 'กร กรชัย', '0836669893'),
(16, '3547816671776', 'พร ไสงาม', '0836665444'),
(17, '2125307753280', 'หัต ดีเลิศ', '0833365693'),
(18, '5637846001235', 'ตีนา กรกต', '0613254610'),
(19, '7112224230741', 'บิดา มั่นคง', '0613254611'),
(20, '7440384303351', 'บิดา ธุระ', '0613254612'),
(21, '3128777305136', 'บิดา ศรีชัย', '0613254613'),
(22, '3863726371025', 'บิดา วิเศา', '0613254614'),
(23, '6851580234668', 'บิดา อยู่ดี', '0613254615'),
(24, '8253543057638', 'บิดา เชื้อดี', '0613254616'),
(25, '2632465431413', 'บิดา มุดารัน', '0613254617'),
(26, '7761110612371', 'บิดา มีมิ', '0613254618'),
(27, '5014551186881', 'บิดา มาสาย', '0613254619'),
(28, '3735554326852', 'บิดา สุชา', '0613254620'),
(29, '1631076431383', 'บิดา กราบมา', '0831015621'),
(30, '4605575446554', 'บิดา เดินดิน', '0831015622'),
(31, '7631252562553', 'บิดา ลาใจ', '0831015623'),
(32, '7555073440482', 'บิดา กันสี', '0831015624'),
(33, '8663287784048', 'บิดา มั่นสาย', '0831015625'),
(34, '3561233815831', 'บิดา สาดแสง', '0831015626'),
(35, '2816881013271', 'บิดา กินดี', '0831015627'),
(36, '2518818301740', 'บิดา คนสี', '0831015628'),
(37, '2610878373234', 'บิดา กานยง', '0831015629'),
(38, '1600845084812', 'บิดา ใจกล้า', '0613254630'),
(39, '1756324488324', 'บิดา ดีนา', '0831015631'),
(40, '2527374631423', 'บิดา กรกนก', '0831015632'),
(41, '6857542856083', 'บิดา กาศัย', '0831015634'),
(42, '2614104811051', 'บิดา ชลชาญ', '0831015635'),
(43, '6650672446042', 'บิดา ชื่นใจ', '0831015636'),
(44, '6845144826565', 'บิดา ผ่านไฟ', '0831015637'),
(45, '3545138712322', 'บิดา งานงาม', '0831015638'),
(46, '8424504704520', 'บิดา งืมสุด', '0831015639'),
(47, '2320485718247', 'บิดา งามใสจัย', '0831015640'),
(48, '5522150561677', 'บิดา มาด้า', '0831015641'),
(49, '7316156543320', 'บิดา ใจสลาย', '0831015642'),
(50, '6444327454228', 'บิดา งวนใจ', '0831015643'),
(51, '4252826712218', 'บิดา เด็ดดวง', '0831015644'),
(52, '8104850410035', 'บิดา สมใจ', '0831015645'),
(53, '8353005644823', 'บิดา ที่สุด', '0831015646'),
(54, '3648484013129', 'บิดา ไปด้วยดี', '0831015647'),
(55, '1508026084806', 'บิดา เบิดสาย', '0831015648'),
(56, '7548747705500', 'บิดา สวยจริง', '0831015649'),
(57, '8824606870158', 'บิดา กวนทา', '0613254650'),
(58, '3817620552534', 'บิดา มารุยา', '0831015651'),
(59, '8851874341751', 'บิดา สมดุล', '0831015652'),
(60, '5333386102865', 'บิดา ดุสิตดี', '0831015653'),
(61, '2731457644002', 'บิดา งานอยู่', '0831015654'),
(62, '2734576216139', 'บิดา ดวงพร', '0831015655'),
(63, '5663147242647', 'บิดา ชาญจิตร', '0831015656'),
(64, '5644227655531', 'บิดา ฝั่งใจ', '0831015657'),
(65, '6035681700665', 'บิดา จงจอหอ', '0831015658'),
(66, '5028711454530', 'บิดา พงษ์เกิด', '0831015659'),
(67, '2627486786011', 'บิดา ศิริสัย', '0831015660'),
(68, '1723485455808', 'บิดา วันศิริ', '0831015661'),
(69, '5468604734489', 'บิดา พรสมสุข', '0831015662'),
(70, '5138104711709', 'บิดา มานาดี', '0831015663'),
(71, '5668226708376', 'บิดา หมายมอง', '0831015664'),
(72, '1357635655651', 'บิดา ดุสิตทอง', '0613254665'),
(73, '6335261141253', 'บิดา ยายสอง', '0831015666'),
(74, '5147614131703', 'บิดา มอญฟ้า', '0831015667'),
(75, '1520624224566', 'บิดา สมใจ', '0831015668'),
(76, '4403840270668', 'บิดา ดุจจิต', '0831015669'),
(77, '3117723045623', 'บิดา แสนวิเศษ', '0831015670'),
(78, '2664253830103', 'บิดา กรพยักษ์', '0613254671'),
(79, '5303186537566', 'บิดา ไทย', '0831015672'),
(80, '6264120104335', 'บิดา สะพานใหม่', '0831015673'),
(81, '4430334473267', 'บิดา หยานหยิน', '0831015674'),
(82, '3242202584873', 'บิดา ศวีวดี', '0831015675'),
(83, '7818651540205', 'บิดา อยู่เย็น', '0831015676'),
(84, '3520070718008', 'บิดา สังค์ทอง', '0831015677'),
(85, '7346754080510', 'บิดา ผมทอง', '0831015678'),
(86, '5142043737058', 'บิดา องค์กร', '0831015679'),
(87, '6032750342511', 'บิดา กรคำ', '0831015680'),
(88, '5554678486123', 'บิดา ใจมงคล', '0831015681'),
(89, '7163424301678', 'บิดา กรคำดี', '0831015682'),
(90, '5762406525265', 'บิดา พรสวรรค์', '0831015683'),
(91, '5060284005780', 'ฟหก', '3132456876');

-- --------------------------------------------------------

--
-- Table structure for table `grade`
--

CREATE TABLE `grade` (
  `classroom_id` int(11) NOT NULL,
  `s_username` varchar(13) NOT NULL,
  `c_id` tinyint(4) NOT NULL,
  `class_id` int(11) NOT NULL,
  `t_id` int(11) NOT NULL,
  `y_id` tinyint(4) NOT NULL,
  `score` float DEFAULT NULL
) ENGINE=InnoDB DEFAULT CHARSET=utf8;

--
-- Dumping data for table `grade`
--

INSERT INTO `grade` (`classroom_id`, `s_username`, `c_id`, `class_id`, `t_id`, `y_id`, `score`) VALUES
(1, '4021', 1, 1, 5, 1, 4),
(1, '4024', 1, 1, 5, 1, 4),
(1, '4025', 1, 1, 5, 1, 0),
(3, '4021', 28, 1, 6, 1, 4),
(3, '4024', 28, 1, 6, 1, 4),
(3, '4025', 28, 1, 6, 1, 4);

-- --------------------------------------------------------

--
-- Table structure for table `level`
--

CREATE TABLE `level` (
  `level_id` tinyint(4) NOT NULL,
  `level_name` varchar(20) NOT NULL
) ENGINE=InnoDB DEFAULT CHARSET=utf8;

--
-- Dumping data for table `level`
--

INSERT INTO `level` (`level_id`, `level_name`) VALUES
(1, 'ปวช.1'),
(2, 'ปวช.2'),
(3, 'ปวช.3'),
(4, 'สำเร็จหลักสูตร ปวช.'),
(5, 'ปวส.1'),
(6, 'ปวส.2'),
(7, 'สำเร็จหลักสูตร ปวส.');

-- --------------------------------------------------------

--
-- Table structure for table `mathar`
--

CREATE TABLE `mathar` (
  `id_m` smallint(6) NOT NULL,
  `m_id` varchar(13) NOT NULL,
  `m_name` varchar(100) NOT NULL,
  `m_tel` varchar(10) NOT NULL
) ENGINE=InnoDB DEFAULT CHARSET=utf8;

--
-- Dumping data for table `mathar`
--

INSERT INTO `mathar` (`id_m`, `m_id`, `m_name`, `m_tel`) VALUES
(1, '1522456012365', 'สมาน คงทน', '0836544044'),
(2, '5003226501324', 'จันฑิมา สุทธิผล', '0622915585'),
(3, '4550112596320', 'ดวงใจ สิทธิใส', '0622915584'),
(4, '6002153360125', 'สุดา จันสวย', '0833124501'),
(5, '6011235620125', 'ดาว ชุมแสง', '0124587520'),
(6, '5554122302201', 'ชวน มาธี', '0815569890'),
(7, '8831006458580', 'นา พรมกล้า', '0833214552'),
(8, '2762111635855', '', '0855145236'),
(9, '3331338453523', 'สุดา ตรีนัน', '0844120235'),
(10, '2645142852801', 'ดาว มงคล', '0836151450'),
(11, '2126041254814', 'พร แสนแสน', '0599851230'),
(12, '4104136508559', 'วิภา ดำรง', '0866541236'),
(13, '7053278134882', 'ฤดี จันทร์ศรี', '0833312520'),
(14, '3163866114862', 'ละออง คนงาม', '0612358555'),
(15, '7325131135146', 'ดา กรชัย', '0866554878'),
(16, '6463142322049', 'นุสา ไสงาม', '0800003665'),
(17, '3712475640781', 'พรรษา ดีเลิศ', '0836669863'),
(18, '8457143241123', 'มารดา กรกต', '0613254610'),
(19, '6443726461430', 'มาดาร มั่นคง', '0913568901'),
(20, '5154212286271', 'มารดา ธุระ', '0913568902'),
(21, '8044713874731', 'มารดา ศรีชัย', '0913568903'),
(22, '1414702373735', 'มารดา วิเศษ', '0913568904'),
(23, '6345411623347', 'มารดา อยู่ดี', '0913568905'),
(24, '5448475408866', 'มารดา เชื้อดี', '0831015616'),
(25, '3867056855021', 'มารดา มุดารัน', '0913568907'),
(26, '4538286345302', 'มารดา มีมิ', '0831015618'),
(27, '8148577440626', 'มารดา มาสาย', '0831015619'),
(28, '7833875512430', 'มารดา สุชา', '0831015620'),
(29, '3014824717358', 'มารดา กราบมา', '0613254621'),
(30, '1157256738134', 'มารดา เดินดิน', '0613254622'),
(31, '7235768646219', 'มารดา ลาใจ', '0613254623'),
(32, '6045888308501', 'มารดา กันสี', '0613254624'),
(33, '7814322871569', 'มารดา มั่นสาย', '0613254625'),
(34, '5428843855066', 'มารดา สาดแสง', '0613254626'),
(35, '7211076116014', 'มารดา กินดี', '0613254627'),
(36, '2430567654764', 'มารดา คนสี', '0613254628'),
(37, '1324021800323', 'มารดา กานยง', '0613254629'),
(38, '1624717641275', 'มารดา ใจกล้า', '0913568920'),
(39, '2625872752769', 'มารดา ดีนา', '0613254631'),
(40, '2357868112372', 'มารดา กรกนก', '0613254632'),
(41, '6003142344364', 'มารดา กาศัย', '0613254634'),
(42, '6045601850479', 'มารดา ชลชาญ', '0613254635'),
(43, '2712271414130', 'มารดา ชื่นใจ', '0613254636'),
(44, '1567114155747', 'มารดา ผ่านไฟ', '0613254637'),
(45, '7015577572026', 'มารดา งานงาม', '0613254638'),
(46, '7765080227045', 'มารดา งืมสุด', '0613254639'),
(47, '2166084271036', 'มารดา งามใสจัย', '0613254640'),
(48, '4214051583504', 'มารดา มาด้า', '0613254641'),
(49, '4246327086145', 'มารดา ใจสลาย', '0613254642'),
(50, '5421686286551', 'มารดา งวนใจ', '0613254643'),
(51, '6864472134634', 'มารดา เด็ดดวง', '0613254644'),
(52, '7446628122801', 'มารดา สมใจ', '0613254645'),
(53, '4610587007734', 'มารดา ที่สุด', '0613254646'),
(54, '2116424004276', 'มารดา ไปด้วยดี', '0613254647'),
(55, '1448447258577', 'มารดา เบิดสาย', '0613254648'),
(56, '3424666478362', 'มารดา สวยจริง', '0613254649'),
(57, '7865627547081', 'มารดา กวนทา', '0831015650'),
(58, '8555234026532', 'มารดา มารุยา', '0613254651'),
(59, '4107560338536', 'มารดา สมดุล', '0613254652'),
(60, '2437825500531', 'มารดา ดุสิตดี', '0613254653'),
(61, '3813355141621', 'มารดา งานอยู่', '0613254654'),
(62, '2702710143011', 'มารดา ดวงพร', '0613254655'),
(63, '8061783322361', 'มารดา ชาญจิตร', '0613254656'),
(64, '8117175155012', 'มารดา ฝั่งใจ', '0613254657'),
(65, '8205281283751', 'มารดา จงจอหอ', '0613254658'),
(66, '8045357487249', 'มารดา พงษ์เกิด', '0613254659'),
(67, '3822065432851', 'มารดา ศิริสัย', '0613254660'),
(68, '5133308583682', 'มารดา วันศิริ', '0613254661'),
(69, '3748267545032', 'มารดา พรสมสุข', '0613254662'),
(70, '1764335753448', 'มารดา มานาดี', '0613254663'),
(71, '8130526822052', 'มารดา หมายมอง', '0613254664'),
(72, '1867505300327', 'มารดา ดุสิตทอง', '0913568955'),
(73, '7464751502623', 'มารดา ยายสอง', '0613254666'),
(74, '2368621034801', 'มารดา มอญฟ้า', '0613254667'),
(75, '3146425078107', 'มารดา สมใจ', '0613254668'),
(76, '4722030375566', 'มารดา ดุจจิต', '0613254669'),
(77, '3605723607625', 'มารดา แสนวิเศษ', '0613254670'),
(78, '6310158053725', 'มารดา กรพยักษ์', '0913568961'),
(79, '3342876863733', 'มารดา ไทย', '0613254672'),
(80, '8137245581333', 'มารดา สะพานใหม่', '0613254673'),
(81, '1626357267816', 'มารดา หยานหยิน', '0613254674'),
(82, '7636320633354', 'มารดา ศวีวดี', '0613254675'),
(83, '3827173458860', 'มารดา อยู่เย็น', '0613254676'),
(84, '5804310883471', 'มารดา สังค์ทอง', '0613254677'),
(85, '3314835767634', 'มารดา ผมทอง', '0613254678'),
(86, '8217685145727', 'มารดา องค์กร', '0613254679'),
(87, '7603168336311', 'มารดา กรคำ', '0613254680'),
(88, '8248883067308', 'มารดา ใจมงคล', '0613254681'),
(89, '5223225587434', 'มารดา กรคำดี', '0613254682'),
(90, '6413257255549', 'มารดา พรสวรรค์', '0613254683'),
(91, '7444586173690', 'ฟหก', '0641384895');

-- --------------------------------------------------------

--
-- Table structure for table `news`
--

CREATE TABLE `news` (
  `n_id` tinyint(4) NOT NULL,
  `n_name` varchar(150) NOT NULL,
  `n_ot` text NOT NULL,
  `n_pic` varchar(100) NOT NULL,
  `t_id` tinyint(4) NOT NULL,
  `n_link` text NOT NULL,
  `n_date` date NOT NULL,
  `n_ex` date DEFAULT NULL,
  `n_status` char(1) NOT NULL
) ENGINE=InnoDB DEFAULT CHARSET=utf8;

--
-- Dumping data for table `news`
--

INSERT INTO `news` (`n_id`, `n_name`, `n_ot`, `n_pic`, `t_id`, `n_link`, `n_date`, `n_ex`, `n_status`) VALUES
(3, 'กิจกรรมเช้าค่ายลูกเสือ ประจำปีการศึกษา 2563', 'กิจกรรมเช้าค่ายลูกเสือ ประจำปีการศึกษา 2563 \r\nณ วิทยาลัยเทคโนโลยีป่าสักธารา 3 วัน 2 คืน', 'LS.jpg', 6, 'http://gg.gg/ukzcb', '2020-12-17', NULL, '3'),
(4, 'เปิดใช้งานเว็บไซต์ระบบทะเบียน  วิทยาลัยเทคโนโลยีป่าสักธารา 2564', 'เปิดใช้งานเว็บไซต์ระบบทะเบียน  วิทยาลัยเทคโนโลยีป่าสักธารา 2564', 's_ssssss.jpg', 6, 'http://gg.gg/ukzct', '2021-05-13', NULL, '1'),
(5, 'กิจกรรมโครงการเสริมสร้างประชาธิปไตย', 'กิจกรรมโครงการเสริมสร้างประชาธิปไตย', '70476931_500203417209495_1138951651030204416_n.jpg', 6, 'http://gg.gg/ukzf0', '2020-12-24', NULL, '3'),
(6, 'ประกาศเปิดรับสมัครเรียน ประจำปีการศึกษา 2564', 'ประกาศเปิดรับสมัครเรียน ประจำปีการศึกษา 2564\r\n￼￼￼￼￼￼￼❤️เปิดสอนในระดับชั้น ปวช. และ ปวส.❤️\r\nการเรียนในรูปแบบทวิภาคี และ ระบบปกติ', '149467470_861723764390790_6852069637980177695_n.jpg', 6, 'https://web.facebook.com/permalink.php?story_fbid=890780694818430&id=244021539494352', '2021-01-01', '2021-06-20', '1'),
(7, 'กิจกรรมโครงการส่งเสริมและพัฒนาผลิตภัณฑ์ OTOP', 'กิจกรรมโครงการส่งเสริมและพัฒนาผลิตภัณฑ์ OTOP', '52158514_394173604479144_5656560697216073728_n.jpg', 6, 'https://web.facebook.com/media/set/?vanity=244021539494352&set=a.394173551145816', '2021-02-04', NULL, '3'),
(8, 'กิจกรรมโครงการอบรมมัคคุเทศก์', 'กิจกรรมโครงการอบรมมัคคุเทศก์', '51276042_384316568798181_1946199511751720960_n.jpg', 6, 'https://web.facebook.com/media/set/?vanity=244021539494352&set=a.384316545464850', '2021-02-10', NULL, '3'),
(9, 'กิจกรรมโครงการทดสอบมาตรฐานการใช้คอมพิวเตอร์', 'กิจกรรมโครงการทดสอบมาตรฐานการใช้คอมพิวเตอร์', '50906930_384322905464214_7298161733925863424_n.jpg', 6, 'https://web.facebook.com/media/set/?vanity=244021539494352&set=a.384322798797558', '2021-03-15', NULL, '3'),
(10, 'เปิดรับสมัคร นักศึกษา ปี 2564', 'เปิดรับสมัคร นักศึกษา ปี 2564', '32212812_244026239493882_2752479480118247424_n.jpg', 6, 'https://web.facebook.com/%E0%B8%A7%E0%B8%B4%E0%B8%97%E0%B8%A2%E0%B8%B2%E0%B8%A5%E0%B8%B1%E0%B8%A2%E0%B9%80%E0%B8%97%E0%B8%84%E0%B9%82%E0%B8%99%E0%B9%82%E0%B8%A5%E0%B8%A2%E0%B8%B5%E0%B8%9B%E0%B9%88%E0%B8%B2%E0%B8%AA%E0%B8%B1%E0%B8%81%E0%B8%98%E0%B8%B2%E0%B8%A3%E0%B8%B2-PS-Tech-244021539494352/', '2021-01-06', NULL, '1'),
(12, 'วีดิโอ ปัจฉิมนิเทศวิทยาลัยเทคโนโลยีป่าสักธารา', 'วีดิโอ ปัจฉิมนิเทศวิทยาลัยเทคโนโลยีป่าสักธารา', 'Capture11112.JPG', 6, 'https://www.youtube.com/watch?v=PoGUguJ66Gc', '2021-02-19', NULL, '2'),
(13, 'พระบรมราชโชวาท ปวช1 คอม', 'พระบรมราชโชวาท ปวช1 คอม', 'Capture211.JPG', 6, 'https://www.youtube.com/watch?v=0o4QI_IckYI', '2021-01-15', NULL, '2'),
(14, 'เกร็ดสาระความรู้ สาขาคอมพิวเตอร์', 'เกร็ดสาระความรู้ สาขาคอมพิวเตอร์ ระดับ ปวช 1. โดยนาย .....................................', 'Captureas.JPG', 6, 'https://www.youtube.com/watch?v=d1uW7T6mlu0', '2021-01-15', NULL, '2'),
(15, 'สุภาษิต คำพังเพย', 'สุภาษิต คำพังเพย', 'Captureas.JPG', 6, 'https://www.youtube.com/watch?v=IdKibDStlfY', '2021-05-16', '2021-06-17', '2'),
(18, 'example', 'ทดสอบๆ', 'news1.jpg', 6, 'https://www.facebook.com/', '2021-05-14', '2021-06-16', '1');

-- --------------------------------------------------------

--
-- Table structure for table `parent`
--

CREATE TABLE `parent` (
  `id_pa` int(11) NOT NULL,
  `pa_id` varchar(13) NOT NULL,
  `pa_name` varchar(100) NOT NULL,
  `pa_address` text NOT NULL,
  `pa_tel` varchar(10) NOT NULL,
  `pa_relation` varchar(20) NOT NULL,
  `pa_metier` varchar(30) NOT NULL
) ENGINE=InnoDB DEFAULT CHARSET=utf8;

--
-- Dumping data for table `parent`
--

INSERT INTO `parent` (`id_pa`, `pa_id`, `pa_name`, `pa_address`, `pa_tel`, `pa_relation`, `pa_metier`) VALUES
(1, '1022361540110', 'จันทร์ คงทน', '      -      ', '0836544047', 'ป้า', 'ชาวสวน'),
(2, '1602250031025', 'หมาย ชุมแสง', '-', '0852145021', 'พ่อ', 'ค้าขาย'),
(3, '150012302123', 'ทองใบ คงเคน', '   10/1 หมู่ 3   ', '0622915587', 'ย่า', 'ทำนา'),
(4, '1088546789123', 'ดวงใจ สิทธิใส', '-', '0622915584', 'แม่', 'ค้าขาย'),
(5, '6500212365239', 'สุดา จันสวย', '55 ต.พุขาม อ.วิเชียรบุรี จ.เพชรบูรณ์', '0833124501', 'แม่', 'ชาวสวน'),
(6, '5556201201320', 'สดุดี มาธี', '  -  ', '0836614578', 'พ่อ', 'ครู'),
(7, '5633520011455', 'สา พรมกล้า', '-', '0836665124', 'พ่อ', 'ทำนา'),
(8, '3213216302612', 'ดีเด่น แสนชัย', '-', '0811235200', 'พ่อ', 'ทำนา'),
(9, '3331338453523', 'สุมา ตรีนัน', '-', '0844120235', 'พ่อ', 'ค้าขาย'),
(10, '6640318002128', 'เด่น มงคล', '-', '0822212351', 'พ่อ', 'ครู'),
(11, '8525154748205', 'กร แสนแสน', '-', '0855554565', 'พ่อ', 'ข้าราชการ'),
(12, '4104136508559', 'วิภา ดำรง', '-', '0866541236', 'แม่', 'ข้าราชการ'),
(13, '3157372373518', 'สาดี จันทร์ศรี', '-', '0866652322', 'พ่อ', 'ข้าราชการ'),
(14, '8007018474448', 'สอน คนงาม', '-', '0836652563', 'พ่อ', 'ชาวสวน'),
(15, '8251624586132', 'กร กรชัย', '-', '0836669893', 'พ่อ', 'ชาวสวน'),
(16, '3547816671776', 'พร ไสงาม', '-', '0836665444', 'พ่อ', 'ชาวสวน'),
(17, '2125307753280', 'หัต ดีเลิศ', '-', '0833365693', 'พ่อ', 'ค้าขาย'),
(18, '8457143241123', 'มารดา กรกต', '-', '0613254610', 'แม่', 'ทำนา'),
(19, '6443726461430', 'มาดาร มั่นคง', '-', '0913568901', 'แม่', 'ทำนา'),
(20, '7440384303351', 'บิดา ธุระ', '-', '0613254612', 'พ่อ', 'ข้าราชการ'),
(21, '3128777305136', 'บิดา ศรีชัย', '-', '0613254613', 'พ่อ', 'ค้าขาย'),
(22, '3863726371025', 'บิดา วิเศา', '-', '0613254614', 'พ่อ', 'ทำนา'),
(23, '6851580234668', 'บิดา อยู่ดี', '-', '0613254615', 'พ่อ', 'ชาวสวน'),
(24, '8253543057638', 'บิดา เชื้อดี', '-', '0613254616', 'พ่อ', 'ข้าราชการ'),
(25, 'มารดา มุดารัน', '3867056855021', '-', '0913568907', 'แม่', 'ชาวสวน'),
(26, '4538286345302', 'มารดา มีมิ', '-', '0831015618', 'แม่', 'ชาวสวน'),
(27, '8148577440626', 'มารดา มาสาย', '-', '0831015619', 'แม่', 'ครู'),
(28, '3735554326852', 'บิดา สุชา', '-', '0831015620', 'พ่อ', 'ทำนา'),
(29, '1631076431383', 'บิดา กราบมา', '-', '0831015621', 'พ่อ', 'ค้าขาย'),
(30, '4605575446554', 'บิดา เดินดิน', '-', '0831015622', 'พ่อ', 'ข้าราชการ'),
(31, '7631252562553', 'บิดา ลาใจ', '-', '0831015623', 'พ่อ', 'ทำนา'),
(32, '7555073440482', 'บิดา กันสี', '-', '0831015624', 'พ่อ', 'ชาวสวน'),
(33, '8663287784048', 'บิดา มั่นสาย', '-', '0831015625', 'พ่อ', 'ค้าขาย'),
(34, '3561233815831', 'บิดา สาดแสง', '-', '0831015626', 'พ่อ', 'ข้าราชการ'),
(35, '2816881013271', 'บิดา กินดี', '-', '0831015627', 'พ่อ', 'ข้าราชการ'),
(36, '2518818301740', 'บิดา คนสี', '/', '0831015628', 'พ่อ', 'ชาวสวน'),
(37, '2610878373234', 'บิดา กานยง', '-', '0831015629', 'พ่อ', 'ค้าขาย'),
(38, '1600845084812', 'บิดา ใจกล้า', '1', '0613254630', 'พ่อ', 'ครู'),
(39, '1756324488324', 'บิดา ดีนา', '-', '0831015631', 'พ่อ', 'ค้าขาย'),
(40, '2527374631423', 'บิดา กรกนก', '-', '0831015632', 'พ่อ', 'ข้าราชการ'),
(41, '6857542856083', 'บิดา กาศัย', '   -   ', '0831015634', 'พ่อ', 'ครู'),
(42, '2614104811051', 'บิดา ชลชาญ', '-', '0831015635', 'พ่อ', 'ชาวสวน'),
(43, '6650672446042', 'บิดา ชื่นใจ', '-', '0831015636', 'พ่อ', 'ชาวสวน'),
(44, '6845144826565', 'บิดา ผ่านไฟ', '-', '0831015637', 'พ่อ', 'ข้าราชการ'),
(45, '3545138712322', 'บิดา งานงาม', '-', '0831015638', 'พ่อ', 'ชาวสวน'),
(46, '8424504704520', 'บิดา งืมสุด', '-', '0831015639', 'พ่อ', 'ครู'),
(47, '2320485718247', 'บิดา งามใสจัย', '-', '0831015640', 'พ่อ', 'ชาวสวน'),
(48, '5522150561677', 'บิดา มาด้า', '-', '0831015641', 'พ่อ', 'ทำนา'),
(49, '7316156543320', 'บิดา ใจสลาย', '-', '0831015642', 'พ่อ', 'ชาวสวน'),
(50, '6444327454228', 'บิดา งวนใจ', '-', '0831015643', 'พ่อ', 'ชาวสวน'),
(51, '4252826712218', 'บิดา เด็ดดวง', '-', '0831015644', 'พ่อ', 'ชาวสวน'),
(52, '8104850410035', 'บิดา สมใจ', '-', '0831015645', 'พ่อ', 'ข้าราชการ'),
(53, '8353005644823', 'บิดา ที่สุด', '-', '0831015646', 'พ่อ', 'ทำนา'),
(54, '3648484013129', 'บิดา ไปด้วยดี', '-', '0831015647', 'พ่อ', 'ครู'),
(55, '1508026084806', 'บิดา เบิดสาย', '-', '0831015648', 'พ่อ', 'ครู'),
(56, '7548747705500', 'บิดา สวยจริง', '-', '0831015649', 'พ่อ', 'ครู'),
(57, '7865627547081', 'บิดา กวนทา', '-', '0831015650', 'แม่', 'ทำนา'),
(58, '3817620552534', 'บิดา มารุยา', '-', '0831015651', 'พ่อ', 'ชาวสวน'),
(59, '8851874341751', 'บิดา สมดุล', '-', '0831015652', 'พ่อ', 'ครู'),
(60, '5333386102865', 'บิดา ดุสิตดี', '-', '0831015653', 'พ่อ', 'ชาวสวน'),
(61, '2731457644002', 'บิดา งานอยู่', '-', '0831015654', 'พ่อ', 'ครู'),
(62, '2734576216139', 'บิดา ดวงพร', '-', '0831015655', 'พ่อ', 'ชาวสวน'),
(63, '5663147242647', 'บิดา ชาญจิตร', '-', '0831015656', 'พ่อ', 'ทำนา'),
(64, '5644227655531', 'บิดา ฝั่งใจ', '-', '0831015657', 'พ่อ', 'ชาวสวน'),
(65, '6035681700665', 'บิดา จงจอหอ', '-', '0831015658', 'แม่', 'ชาวสวน'),
(66, '5028711454530', 'บิดา พงษ์เกิด', '-', '0831015659', 'พ่อ', 'ชาวสวน'),
(67, '2627486786011', 'บิดา ศิริสัย', '-', '0831015660', 'พ่อ', 'ค้าขาย'),
(68, '1723485455808', 'บิดา วันศิริ', '-', '0831015661', 'พ่อ', 'ทำนา'),
(69, '5468604734489', 'บิดา พรสมสุข', '-', '0831015662', 'พ่อ', 'ค้าขาย'),
(70, '5138104711709', 'บิดา มานาดี', '1234', '0831015663', 'พ่อ', 'ทำนา'),
(71, '5668226708376', 'บิดา หมายมอง', '-', '0831015664', 'พ่อ', 'ค้าขาย'),
(72, '1357635655651', 'บิดา ดุสิตทอง', '-', '0613254665', 'พ่อ', 'ชาวสวน'),
(73, '6335261141253', 'บิดา ยายสอง', '-', '0831015666', 'พ่อ', 'ค้าขาย'),
(74, '5147614131703', 'บิดา มอญฟ้า', '-', '0831015667', 'พ่อ', 'ค้าขาย'),
(75, '1520624224566', 'บิดา สมใจ', '-', '0831015668', 'พ่อ', 'ชาวสวน'),
(76, '4403840270668', 'บิดา ดุจจิต', '-', '0831015669', 'พ่อ', 'ค้าขาย'),
(77, '3117723045623', 'บิดา แสนวิเศษ', '-', '0831015670', 'พ่อ', 'ค้าขาย'),
(78, '2664253830103', 'บิดา กรพยักษ์', '-', '0613254671', 'พ่อ', 'ชาวสวน'),
(79, '5303186537566', 'บิดา ไทย', '-', '0831015672', 'พ่อ', 'ครู'),
(80, '6264120104335', 'บิดา สะพานใหม่', '-', '0831015673', 'พ่อ', 'ชาวสวน'),
(81, '4430334473267', 'บิดา หยานหยิน', '-', '0831015674', 'พ่อ', 'ค้าขาย'),
(82, '3242202584873', 'บิดา ศวีวดี', '-', '0831015675', 'พ่อ', 'ค้าขาย'),
(83, '7818651540205', 'บิดา อยู่เย็น', '-', '0831015676', 'พ่อ', 'ครู'),
(84, '3520070718008', 'บิดา สังค์ทอง', '-', '0831015677', 'พ่อ', 'ครู'),
(85, '7346754080510', 'บิดา ผมทอง', '-', '0831015678', 'พ่อ', 'ชาวสวน'),
(86, '5142043737058', 'บิดา องค์กร', '-', '0831015679', 'พ่อ', 'ชาวสวน'),
(87, '6032750342511', 'บิดา กรคำ', '-', '0831015680', 'พ่อ', 'ทำนา'),
(88, '5554678486123', 'บิดา ใจมงคล', '-', '0831015681', 'ป้า', 'ครู'),
(89, '7163424301678', 'บิดา กรคำดี', '-', '0831015682', 'พ่อ', 'ค้าขาย'),
(90, '5762406525265', 'บิดา พรสวรรค์', '-', '0831015683', 'พ่อ', 'ค้าขาย'),
(91, '1234567890123', 'ฟหก', 'ผปแผปแ', '0984624561', 'ฟหผปแ', 'ผปแผปแ');

-- --------------------------------------------------------

--
-- Table structure for table `portfolio`
--

CREATE TABLE `portfolio` (
  `p_id` int(11) NOT NULL,
  `p_name` varchar(100) NOT NULL,
  `p_detail` text NOT NULL,
  `s_username` varchar(13) NOT NULL,
  `t_id` tinyint(4) NOT NULL,
  `p_year` varchar(4) NOT NULL
) ENGINE=InnoDB DEFAULT CHARSET=utf8;

--
-- Dumping data for table `portfolio`
--

INSERT INTO `portfolio` (`p_id`, `p_name`, `p_detail`, `s_username`, `t_id`, `p_year`) VALUES
(1, 'การแข่งขันทักษะ การสร้างเว็บไซต์', 'การแข่งขันทักษะ การสร้างเว็บไซต์ ได้รางวัลเหรียณทอง ณ จังหวัด เชียงใหม่', '4024', 6, '2564'),
(7, 'การแข่งขันทักษะ การสร้างฐานข้อมูล', 'ได้รับเหรียณเงิน การแข่งขันทักษะ การสร้างฐานข้อมูล เขตภาคเหนือ ปี 2564', '4025', 6, '2564');

-- --------------------------------------------------------

--
-- Table structure for table `position`
--

CREATE TABLE `position` (
  `po_id` tinyint(4) NOT NULL,
  `po_name` varchar(50) NOT NULL
) ENGINE=InnoDB DEFAULT CHARSET=utf8;

--
-- Dumping data for table `position`
--

INSERT INTO `position` (`po_id`, `po_name`) VALUES
(1, 'ผู้อำนวยการ'),
(2, 'รองผู้อำนวยการ'),
(3, 'ฝ่ายปกครอง'),
(4, 'ฝ่ายกิจการนักศึกษา'),
(5, 'ฝ่ายการเงิน'),
(6, 'ฝ่ายวิชาการ'),
(7, 'หัวหน้าสาขาคอมพิวเตอร์ธุรกิจ'),
(8, 'หัวหน้าสาขาการบัญชี'),
(9, 'หัวหน้าสาขาธุรกิจค้าปลีกสมัยใหม่'),
(10, 'หัวหน้าสาขาธุรกิจค้าปลีก ร้านอาหารและบริการ'),
(11, 'หัวหน้าสาขายานยนต์'),
(12, 'หัวหน้าสาขาอิเล็คทรอนิกส์'),
(13, 'อาจารย์');

-- --------------------------------------------------------

--
-- Table structure for table `student`
--

CREATE TABLE `student` (
  `s_username` varchar(13) NOT NULL,
  `s_password` varchar(20) NOT NULL,
  `s_name` varchar(50) NOT NULL,
  `s_idcard` varchar(13) NOT NULL,
  `s_address` text NOT NULL,
  `s_tel` varchar(10) NOT NULL,
  `s_email` varchar(50) NOT NULL,
  `s_year` varchar(4) NOT NULL,
  `s_hbd` date NOT NULL,
  `s_brethren` int(11) NOT NULL,
  `st_id` char(1) NOT NULL,
  `s_child` varchar(2) NOT NULL,
  `class_id` int(11) NOT NULL,
  `f_id` varchar(13) NOT NULL,
  `m_id` varchar(13) NOT NULL,
  `pa_id` varchar(13) NOT NULL,
  `s_pic` varchar(200) NOT NULL
) ENGINE=InnoDB DEFAULT CHARSET=utf8;

--
-- Dumping data for table `student`
--

INSERT INTO `student` (`s_username`, `s_password`, `s_name`, `s_idcard`, `s_address`, `s_tel`, `s_email`, `s_year`, `s_hbd`, `s_brethren`, `st_id`, `s_child`, `class_id`, `f_id`, `m_id`, `pa_id`, `s_pic`) VALUES
('2456', 'asasd', 'ฟหกฟหก ฟหกฟหก', '0646165445256', 'ฟหกฟหฟหก', '6061316641', 'sompong@gmail.com', '3261', '2021-05-21', 0, '2', '2', 18, '5060284005780', '7444586173690', '1234567890123', ''),
('3001', '1234', 'พันทิพ ลาใจ', '4801745574668', '-', '0913568913', '3001.@gmail.com', '2561', '2005-04-08', 1, '1', '1', 17, '7631252562553', '7235768646219', '7631252562553', ''),
('3002', '1234', 'นุชา กันสี', '3235575621513', '-', '0913568914', '3002.@gmail.com', '2561', '2005-08-09', 1, '1', '1', 17, '7555073440482', '6045888308501', '7555073440482', ''),
('3003', 'admin', 'ดวงดาว มั่นสาย', '4528501304458', '-', '0913568915', '3003.@gmail.com', '2561', '2005-05-05', 1, '1', '1', 17, '8663287784048', '7814322871569', '8663287784048', ''),
('3004', '1234', 'ภูผา สาดแสง', '4326556022616', '-', '0913568916', '3004.@gmail.com', '2561', '2004-05-02', 1, '1', '1', 17, '3561233815831', '5428843855066', '3561233815831', ''),
('3005', '1234', 'มาลี กินดี', '3048373340828', '-', '0913568917', '3005.@gmail.com', '2561', '2004-04-08', 1, '1', '1', 17, '2816881013271', '7211076116014', '2816881013271', ''),
('3006', '1234', 'สายใจ คนสี', '4113667235561', '-', '0913568918', '3006.@gmail.com', '2561', '2004-05-05', 1, '1', '1', 17, '2518818301740', '2430567654764', '2518818301740', ''),
('3007', '1234', 'นุรัตน์ กานยง', '2132583742642', '-', '0913568919', '3007.@gmail.com', '2561', '2004-05-09', 1, '1', '1', 17, '2610878373234', '1324021800323', '2610878373234', ''),
('3008', '1234', 'สมชาย ใจกล้า', '2458722222131', '-', '0831015630', '3007.@gmail.com', '2561', '2004-08-09', 1, '1', '1', 17, '1600845084812', '1624717641275', '1600845084812', ''),
('3009', '1234', 'สมหญิง ดีนา', '8003470821734', '-', '0913568921', '3009.@gmail.com', '2561', '2004-05-09', 1, '1', '1', 17, '1756324488324', '2625872752769', '1756324488324', ''),
('3010', '1234', 'สายใย กรกนก', '4615366877111', '-', '0913568922', '3010.@gmail.com', '2561', '2004-04-08', 1, '1', '1', 17, '2527374631423', '2357868112372', '2527374631423', ''),
('3011', '1234', 'ชลชัย กาศัย', '1546302482406', '-', '0913568924', 'asasd@gmal.com', '2561', '2004-07-08', 1, '2', '1', 18, '6857542856083', '6003142344364', '6857542856083', ''),
('3012', '1234', 'คง ชลชาญ', '5862234107346', '-', '0913568925', '3012.@gmail.com', '2561', '2004-07-08', 1, '1', '1', 18, '2614104811051', '6045601850479', '2614104811051', ''),
('3013', '1234', 'ลดา ชื่นใจ', '2801158467426', '-', '0913568926', '3013.@gmail.com', '2561', '2004-07-08', 1, '1', '1', 18, '6650672446042', '2712271414130', '6650672446042', ''),
('3014', '1234', 'ชัยกร ผ่านไฟ', '7420140158204', '-', '0913568927', '3014.@gmail.com', '2561', '2004-07-08', 1, '1', '1', 18, '6845144826565', '1567114155747', '6845144826565', ''),
('3015', '1234', 'สุดาชา งานงาม', '2554001581282', '-', '0913568928', '3015', '2561', '2004-08-08', 1, '1', '1', 18, '3545138712322', '7015577572026', '3545138712322', ''),
('3016', '1234', 'ชาญใจ งืมสุด', '7440120883248', '-', '0913568929', '3016.@gmail.com', '2561', '2004-02-01', 1, '1', '1', 18, '8424504704520', '7765080227045', '8424504704520', ''),
('3017', '1234', 'ดาใจ งามใสจัย', '8156057106380', '-', '0913568930', '3017.@gmail.com', '2561', '2004-07-08', 1, '1', '1', 18, '2320485718247', '2166084271036', '2320485718247', ''),
('3018', '1234', 'ยนยาง มาด้า', '8413084080889', '-', '0913568931', '3018.@gmail.com', '2561', '2004-04-08', 1, '1', '1', 18, '5522150561677', '4214051583504', '5522150561677', ''),
('3019', '1234', 'ชายสม ใจสลาย', '4760857285676', '-', '0913568932', '3019.@gmail.com', '2561', '2004-04-04', 1, '1', '1', 18, '7316156543320', '4246327086145', '7316156543320', ''),
('3020', '1234', 'ยาใจ งวนใจ', '3034117448182', '-', '0913568933', '3020.@gmail.com', '2561', '2004-02-04', 1, '1', '1', 18, '6444327454228', '5421686286551', '6444327454228', ''),
('3021', '1234', 'สมุน เด็ดดวง', '5550270625450', '-', '0913568934', '3021.@gmail.com', '2561', '2004-11-04', 1, '1', '1', 19, '4252826712218', '6864472134634', '4252826712218', ''),
('3022', '1234', 'กานดา สมใจ', '3435474416653', '-', '0913568935', '3022.@gmail.com', '2561', '2004-12-04', 1, '1', '1', 19, '8104850410035', '7446628122801', '8104850410035', ''),
('3023', '1234', 'สวย ที่สุด', '7554124375631', '-', '0913568936', '3023.@gmail.com', '2561', '2004-12-04', 1, '1', '1', 19, '8353005644823', '4610587007734', '8353005644823', ''),
('3024', '1234', 'รุรวง ไปด้วยดี', '1038422284471', '-', '0913568937', '3024.@gmail.com', '2561', '2004-02-04', 1, '1', '1', 19, '3648484013129', '2116424004276', '3648484013129', ''),
('3025', '1234', 'ดวงใจ เบิดสาย', '8332672016715', '-', '0913568938', '3025.@gmail.com', '2561', '2004-12-07', 1, '1', '1', 19, '1508026084806', '1448447258577', '1508026084806', ''),
('3026', '1234', 'ดุสดี สวยจริง', '7038882424283', '-', '0913568939', '3026.@gmail.com', '2561', '2004-12-04', 1, '1', '1', 19, '7548747705500', '3424666478362', '7548747705500', ''),
('3027', '1234', 'สุญานิ กวนทา', '8738384703565', '-', '0913568940', '3027.@gmail.com', '2561', '2004-12-04', 1, '1', '1', 19, '8824606870158', '7865627547081', '7865627547081', ''),
('3028', '1234', 'ยุดา มารุยา', '2835324538263', '-', '0913568941', '3028.@gmail.com', '2561', '2004-05-04', 1, '1', '1', 19, '3817620552534', '8555234026532', '3817620552534', ''),
('3029', '1234', 'ยอมใจ สมดุล', '5002275253565', '-', '0913568942', '3029.@gmail.com', '2561', '2004-03-04', 3, '1', '1', 19, '8851874341751', '4107560338536', '8851874341751', ''),
('3030', '1234', 'กวาง ดุสิตดี', '1430677427632', '-', '0913568943', '3030.@gmail.com', '2561', '2004-12-13', 1, '1', '1', 19, '5333386102865', '2437825500531', '5333386102865', ''),
('3031', '1234', 'สวาล งานอยู่', '7627510257656', '-', '0913568944', '3031.@gmail.com', '2562', '2004-12-04', 1, '1', '1', 14, '2731457644002', '3813355141621', '2731457644002', ''),
('3032', '1234', 'สมชาย ดวงพร', '1334311650570', '-', '0913568945', '3032.@gmail.com', '2562', '2004-12-04', 1, '1', '1', 14, '2734576216139', '2702710143011', '2734576216139', ''),
('3033', '1234', 'บันได ชาญจิตร', '3523250043109', '-', '0913568946', '3033.@gmail.com', '2562', '2004-12-12', 1, '1', '1', 14, '5663147242647', '8061783322361', '5663147242647', ''),
('3034', '1234', 'ณัฐกิต ฝั่งใจ', '2406336247433', '-', '0913568947', '3034.@gmail.com', '2562', '2004-02-04', 1, '1', '1', 14, '5644227655531', '8117175155012', '5644227655531', ''),
('3035', '1234', 'สมจิตร จงจอหอ', '6213658011171', '-', '0913568948', '3035.@gmail.com', '2562', '2004-12-11', 1, '1', '1', 14, '6035681700665', '8205281283751', '6035681700665', ''),
('3036', '1234', 'รชต พงษ์เกิด', '6531308106615', '-', '0913568949', '3036.@gmail.com', '2562', '2004-02-04', 1, '1', '1', 14, '5028711454530', '8045357487249', '5028711454530', ''),
('3037', '1234', 'สมอญ ศิริสัย', '3163410663537', '-', '0913568950', '3037.@gmail.com', '2562', '2004-07-04', 1, '1', '1', 14, '2627486786011', '3822065432851', '2627486786011', ''),
('3038', '1234', 'ชาญชาย วันศิริ', '5722816105762', '-', '0913568951', '3038.@gmail.com', '2562', '2004-12-04', 1, '1', '1', 14, '1723485455808', '5133308583682', '1723485455808', ''),
('3039', '1234', 'วนิดา พรสมสุข', '4052458403312', '-', '0913568952', '3039.@gmail.com', '2562', '2004-12-04', 1, '1', '1', 14, '5468604734489', '3748267545032', '5468604734489', ''),
('3040', '1234', 'ใสใจ มานาดี', '2603136371209', '-', '0913568953', '3040.@gmail.com', '2562', '2003-12-04', 1, '1', '1', 14, '5138104711709', '1764335753448', '5138104711709', ''),
('3041', '1234', 'สุทธิศักดิ์ หมายมอง', '4350350311544', '-', '0913568954', '3041.@gmail.com', '2562', '2003-12-11', 1, '1', '1', 15, '5668226708376', '8130526822052', '5668226708376', ''),
('3042', '1234', 'งามใส ดุสิตทอง', '5125340358623', '-', '0831015665', '3042.@gmail.com', '2562', '2003-12-30', 1, '1', '1', 15, '1357635655651', '1867505300327', '1357635655651', ''),
('3043', '1234', 'พรใส ยายสอง', '1057005534334', '-', '0913568956', '3043.@gmail.com', '2562', '2003-12-13', 1, '1', '1', 15, '6335261141253', '7464751502623', '6335261141253', ''),
('3044', '1234', 'รักดา มอญฟ้า', '6413584868349', '-', '0913568957', '3044.@gmail.com', '2562', '2004-11-25', 1, '1', '1', 15, '5147614131703', '2368621034801', '5147614131703', ''),
('3045', '1234', 'สิทธิศักดิ์ สมใจ', '6353430644786', '-', '0913568958', '3045.@gmail.com', '2562', '2003-11-29', 1, '1', '1', 15, '1520624224566', '3146425078107', '1520624224566', ''),
('3046', '1234', 'สุดารักษ์ ดุจจิต', '4711474638283', '-', '0913568959', '3046.@gmail.com', '2562', '2004-12-20', 1, '1', '1', 15, '4403840270668', '4722030375566', '4403840270668', ''),
('3047', '1234', 'พรชัย แสนวิเศษ', '8860366270581', '-', '0913568960', '3047.@gmail.com', '2562', '2003-11-04', 1, '1', '1', 15, '3117723045623', '3605723607625', '3117723045623', ''),
('3048', '1234', 'สมจิตร กรพยักษ์', '1557881307319', '-', '0831015671', '3048.@gmail.com', '2562', '2003-11-18', 1, '1', '1', 15, '2664253830103', '6310158053725', '2664253830103', ''),
('3049', '1234', 'มรดก ไทย', '5656805036831', '-', '0913568962', '3049.@gmail.com', '2562', '2004-12-14', 1, '1', '1', 15, '5303186537566', '3342876863733', '5303186537566', ''),
('3050', '1234', 'ดอนเมือง สะพานใหม่', '3146376820119', '-', '0913568963', '3050.@gmail.com', '2562', '2003-11-22', 1, '1', '1', 15, '6264120104335', '8137245581333', '6264120104335', ''),
('3051', '1234', 'พรดา หยานหยิน', '3561154273458', '-', '0913568964', '3051.@gmail.com', '2562', '2003-11-04', 1, '1', '1', 16, '4430334473267', '1626357267816', '4430334473267', ''),
('3052', '1234', 'ธงชัย ศวีวดี', '4101417844355', '-', '0913568965', '3052.@gmail.com', '2562', '2003-12-12', 1, '1', '1', 16, '3242202584873', '7636320633354', '3242202584873', ''),
('3053', '1234', 'ชงวน อยู่เย็น', '3832662330012', '-', '0913568966', '3053.@gmail.com', '2562', '2003-12-27', 2, '1', '1', 16, '7818651540205', '3827173458860', '7818651540205', ''),
('3054', '1234', 'สุทิ สังค์ทอง', '5362737482010', '-', '0913568967', '3054.@gmail.com', '2562', '2003-12-11', 1, '1', '1', 16, '3520070718008', '5804310883471', '3520070718008', ''),
('3055', '1234', 'ยานศรี ผมทอง', '8124000508070', '-', '0913568968', '3055.@gmail.com', '2562', '2004-05-19', 3, '1', '1', 16, '7346754080510', '3314835767634', '7346754080510', ''),
('3056', '1234', 'สมชาย องค์กร', '7462685811676', '-', '0913568969', '3056.@gmail.com', '2562', '2004-12-21', 2, '1', '2', 16, '5142043737058', '8217685145727', '5142043737058', ''),
('3057', '1234', 'มกจ๊ก กรคำ', '7305171381644', '-', '0913568970', '3057.@gmail.com', '2562', '2003-12-15', 5, '1', '3', 16, '6032750342511', '7603168336311', '6032750342511', ''),
('3058', '1234', 'ชิงชัย ใจมงคล', '6154612201530', '-', '0913568971', '3058.@gmail.com', '2562', '2003-12-22', 3, '1', '2', 16, '5554678486123', '8248883067308', '5554678486123', ''),
('3059', '1234', 'สมสุข กรคำดี', '7210530151401', '-', '0913568972', '3059.@gmail.com', '2562', '2003-11-05', 1, '1', '1', 16, '7163424301678', '5223225587434', '7163424301678', ''),
('3060', '1234', 'ดุจดวง พรสวรรค์', '5801517837263', '-', '0913568973', '3060.gmail.com', '2562', '2003-12-24', 5, '1', '2', 16, '5762406525265', '6413257255549', '5762406525265', ''),
('4001', '1234', 'กานดา สิทธิใส', '1200102320110', '-', '0836155201', 'kanda.@gmail.com', '2563', '2011-08-13', 1, '1', '1', 2, '6695003215012', '1522456012365', '1022361540110', 'IMG_3714.JPG'),
('4002', '1234', 'นายสุทธิกร ชุมแสง', '4704407418041', '-', '0839638520', 'ss.@gmail.com', '2563', '2011-08-19', 1, '1', '1', 2, '6102254853320', '5003226501324', '1602250031025', 'IMG_4112.JPG'),
('4003', '1234', 'สุรี จันทร์ศรี', '3702301277851', '-', '0866542153', 'ssule.@gmail.com', '2563', '2005-05-05', 1, '1', '1', 2, '3157372373518', '7053278134882', '3157372373518', ''),
('4004', '1234', 'สุดารัตน์ คนงาม', '6443618588106', '-', '0836211021', 'suda.@gmail.com', '2563', '2005-09-09', 1, '1', '1', 2, '8007018474448', '3163866114862', '8007018474448', ''),
('4005', '1234', 'สาธี กรชัย', '8023875327221', '-', '0833336666', 'sate@gmail.com', '2563', '2005-12-08', 1, '1', '1', 2, '8251624586132', '7325131135146', '8251624586132', ''),
('4006', '1234', 'ฤดี ไสงาม', '5141620147432', '-', '0663332152', 'lodee.@gmail.com', '2563', '2005-09-09', 1, '1', '1', 2, '3547816671776', '6463142322049', '3547816671776', ''),
('4007', '1234', 'จงใจ ดีเลิศ', '4016830884139', '-', '0836665459', 'jon.@gmail.com', '2563', '2005-05-01', 1, '1', '1', 2, '2125307753280', '3712475640781', '2125307753280', ''),
('4008', '1234', 'พันตรี กรกต', '3603000101615', '-', '0831015610', 'pate.@gmail.com', '2563', '2005-01-01', 1, '1', '1', 2, '5637846001235', '8457143241123', '8457143241123', ''),
('4009', 'admin', 'สุชาดา มั่นคง', '1027774248577', '-', '0831015611', 'sucha.@gmail.com', '2563', '2005-07-08', 1, '1', '1', 2, '7112224230741', '6443726461430', '6443726461430', ''),
('4010', '1234', 'จันทร์งาม ธุระ', '4036132518854', '-', '0831015612', 'jang.@gmail.com', '2563', '2005-07-07', 1, '1', '1', 2, '7440384303351', '5154212286271', '7440384303351', ''),
('4011', '1234', 'มุดา ศรีชัย', '6851748424825', '-', '0831015613', 'muda.@gmail.com', '2563', '2005-04-04', 1, '1', '1', 3, '3128777305136', '8044713874731', '3128777305136', ''),
('4012', '1234', 'กันชัย วิเศษ', '5118357578543', '-', '0831015614', 'kunchat.@gmail.com', '2563', '2005-05-08', 1, '1', '1', 3, '3863726371025', '1414702373735', '3863726371025', ''),
('4013', '1234', 'ดำรง อยู่ดี', '1115010524403', '-', '0831015615', 'dum.@gmail.com', '2563', '2005-04-08', 1, '1', '1', 3, '6851580234668', '6345411623347', '6851580234668', ''),
('4014', '1234', 'ดุสิต เชื้อดี', '5166134508659', '-', '0913568906', 'dusit.@gmail.com', '2563', '2005-11-07', 1, '1', '1', 3, '8253543057638', '5448475408866', '8253543057638', ''),
('4015', '1234', 'จันทร์ฉาย มุดารัน', '1661266133421', '-', '0831015617', 'junq.@gmail.com', '2563', '2005-11-17', 1, '1', '1', 3, '2632465431413', '3867056855021', 'มารดา มุดารัน', ''),
('4016', '1234', 'ดีดี มีมิ', '2166470084511', '-', '0913568908', 'dede.@gmail.com', '2563', '2005-08-08', 1, '1', '1', 3, '7761110612371', '4538286345302', '4538286345302', ''),
('4017', '1234', 'สุรา มาสาย', '5758440274445', '-', '0913568909', 'sura.@gmail.com', '2563', '2005-06-04', 1, '1', '1', 3, '5014551186881', '8148577440626', '8148577440626', ''),
('4018', '1234', 'กรชัย สุชา', '1020578446047', '-', '0913568910', 'kornq.@gmail.com', '2563', '2005-01-22', 5, '1', '1', 3, '3735554326852', '7833875512430', '3735554326852', ''),
('4019', '1234', 'ศรีชัย กราบมา', '6521113520625', '-', '0913568911', 'kram.@gmail.com', '2563', '2005-06-06', 1, '1', '1', 3, '1631076431383', '3014824717358', '1631076431383', ''),
('4020', '1234', 'บุญมี เดินดิน', '6143320581404', '-', '0913568912', '4020.@gmail.com', '2563', '2005-09-09', 1, '1', '1', 3, '4605575446554', '1157256738134', '4605575446554', ''),
('4021', '1234', 'อาทิต จันสวย', '1022230214501', '55 ต.พุขาม อ.วิเชียรบุรี จ.เพชรบูรณ์', '0836665201', 'artid.@gmail.com', '2563', '2007-04-12', 2, '1', '1', 1, '2330125462013', '4550112596320', '150012302123', '12.jpg'),
('4022', '1234', 'มธุร มาธี', '6001325691031', '-', '0622158952', 'matura.@gmail.com', '2563', '2005-06-14', 1, '1', '1', 1, '5556201201320', '5554122302201', '5556201201320', ''),
('4023', '1234', 'ญานติมา พรมกล้า', '2210366548201', '-', '0855415236', 'yantima.@gmail.com', '2563', '2005-01-05', 1, '1', '1', 1, '5633520011455', '8831006458580', '5633520011455', ''),
('4024', '1234', 'จิรกฤต คงเคน', '1600100626222', '10/1 หมู่ 3', '0622915580', 'jalove.@gmail.com', '2563', '2011-08-06', 1, '1', '1', 1, '4500120366542', '6002153360125', '1088546789123', 'IMG_3874.jpg'),
('4025', '1234', 'มน คงทน', '1585621410236', '-', '0633325809', 'kong.@gmail.com', '2563', '2011-07-20', 1, '1', '1', 1, '1322022152036', '6011235620125', '6500212365239', 'IMG_3675.JPG'),
('4026', '1234', 'สุภา แสนชัย', '8831006458580', '-', '0811454582', 'supa.@gmail.com', '2563', '2005-05-05', 1, '1', '1', 1, '3213216302612', '2762111635855', '3213216302612', ''),
('4027', '1234', 'ครรสัน ตรีนัน', '7206838337211', '-', '0833621458', 'kadsan.@gmail.com', '2563', '2005-04-14', 1, '1', '1', 1, '8325124756821', '3331338453523', '3331338453523', ''),
('4028', '1234', 'พรชัย มงคล', '5303218000252', '-', '0833325666', 'pornchay.@gmail.com', '2563', '2005-01-01', 1, '1', '1', 1, '6640318002128', '2645142852801', '6640318002128', ''),
('4029', '1234', 'วิภาวี แสนแสน', '6232504385461', '-', '0855556998', 'wipave.@gmail.com', '2563', '2005-02-02', 1, '1', '1', 1, '8525154748205', '2126041254814', '8525154748205', ''),
('4030', '1234', 'สมาน ดำรง', '2036668424585', '-', '0833332569', 'sman.@gmail.com', '2563', '2005-01-09', 1, '1', '1', 1, '7712765216887', '4104136508559', '4104136508559', '');

-- --------------------------------------------------------

--
-- Table structure for table `teacher`
--

CREATE TABLE `teacher` (
  `t_id` tinyint(4) NOT NULL,
  `t_username` varchar(20) NOT NULL,
  `t_password` varchar(20) NOT NULL,
  `t_name` varchar(50) NOT NULL,
  `t_address` varchar(300) NOT NULL,
  `t_tel` varchar(10) NOT NULL,
  `t_email` varchar(30) NOT NULL,
  `t_year` varchar(4) NOT NULL,
  `t_end` varchar(50) NOT NULL,
  `t_educa` varchar(50) NOT NULL,
  `t_pic` varchar(200) NOT NULL,
  `po_id` tinyint(4) NOT NULL,
  `b_id` tinyint(4) NOT NULL,
  `t_status` char(1) NOT NULL
) ENGINE=InnoDB DEFAULT CHARSET=utf8;

--
-- Dumping data for table `teacher`
--

INSERT INTO `teacher` (`t_id`, `t_username`, `t_password`, `t_name`, `t_address`, `t_tel`, `t_email`, `t_year`, `t_end`, `t_educa`, `t_pic`, `po_id`, `b_id`, `t_status`) VALUES
(2, 'admin2', '0613349860', 'มงคล รักอยู่', '10/1', '0613349860', 'jalove.gujana@gmail.com', '2562', 'มหาวิทยาลัยราชภัฏเพชรบูรณ์', 'ปริญญาตรี เอก เทคโนโลยีสารสนเทศและการสื่อสาร', 'IMG_3485.JPG', 4, 1, '2'),
(4, 'wasna', '04062538', 'วาสนา จันทร์ดี', '04', '0613349860', 'jalove.gujana@gmail.com', '2562', 'มหาวิทยาลัยราชภัฏเพชรบูรณ์', 'ปริญญาตรี เอก เทคโนโลยีสารสนเทศและการสื่อสาร', '122081490_383973369302560_2873780214855242832_n.jpg', 3, 1, '1'),
(5, 'admin', '1234', 'นายจิรกฤต คงเคน', '10/1', '0622915580', 'jirakit.kong@pcru.ac.th', '2563', 'มหาวิทยาลัยราชภัฏเพชรบูรณ์', 'ปริญญาตรี เอก เทคโนโลยีสารสนเทศและการสื่อสาร', '32147719_2082956118654351_1643928380703244288_o.jpg', 1, 1, '1'),
(6, 'long', '1234', 'ฉลอง พงษ์โอสถ', '-', '0811145787', 'long.@gmail.com', '2557', 'มหาวิทยาลัยราชภัฏเพชรบูรณ์', 'ปริญญาตรี เอก เทคโนโลยีสารสนเทศและการสื่อสาร', 'IMG_3673.JPG', 7, 1, '2'),
(7, 'jirakit', '04062538', 'สนอง คำเมิน', '10/1', '0622915580', 'jalove.@gmail.com', '2563', 'มหาวิทยาลัยราชภัฏเพชรบูรณ์', 'ปริญญาตรี เอก เทคโนโลยีสารสนเทศและการสื่อสาร', 'Jirakit_kongken.jpg', 11, 1, '2'),
(8, 'another', '3125', 'ฟหกฟหก', 'ฟหกหฟ', '0132115454', 'tanawat.dua@pcru.ac.th', '2564', 'ชัยภูมิ', 'ตรี', '250px-Gatto_europeo4.jpg', 1, 1, 'ค');

-- --------------------------------------------------------

--
-- Table structure for table `time`
--

CREATE TABLE `time` (
  `time_id` tinyint(4) NOT NULL,
  `time_name` varchar(20) NOT NULL
) ENGINE=InnoDB DEFAULT CHARSET=utf8;

--
-- Dumping data for table `time`
--

INSERT INTO `time` (`time_id`, `time_name`) VALUES
(1, '8.50 น. - 11.50 น.'),
(2, '12.50 น. - 15.50 น.'),
(3, '12.50 น. - 13.50 น.'),
(4, '13.50 น. - 15.50 น.');

-- --------------------------------------------------------

--
-- Table structure for table `year`
--

CREATE TABLE `year` (
  `y_id` tinyint(4) NOT NULL,
  `y_number` varchar(6) NOT NULL
) ENGINE=InnoDB DEFAULT CHARSET=utf8;

--
-- Dumping data for table `year`
--

INSERT INTO `year` (`y_id`, `y_number`) VALUES
(1, '2564/1'),
(3, '2564/2'),
(4, '2563/2');

--
-- Indexes for dumped tables
--

--
-- Indexes for table `branch`
--
ALTER TABLE `branch`
  ADD PRIMARY KEY (`b_id`);

--
-- Indexes for table `class`
--
ALTER TABLE `class`
  ADD PRIMARY KEY (`class_id`),
  ADD KEY `b_id` (`b_id`);

--
-- Indexes for table `classroom`
--
ALTER TABLE `classroom`
  ADD PRIMARY KEY (`classroom_id`);

--
-- Indexes for table `course`
--
ALTER TABLE `course`
  ADD PRIMARY KEY (`c_id`);

--
-- Indexes for table `day`
--
ALTER TABLE `day`
  ADD PRIMARY KEY (`day_id`);

--
-- Indexes for table `department`
--
ALTER TABLE `department`
  ADD PRIMARY KEY (`d_id`);

--
-- Indexes for table `father`
--
ALTER TABLE `father`
  ADD PRIMARY KEY (`id_f`);

--
-- Indexes for table `grade`
--
ALTER TABLE `grade`
  ADD PRIMARY KEY (`classroom_id`,`s_username`,`c_id`);

--
-- Indexes for table `level`
--
ALTER TABLE `level`
  ADD PRIMARY KEY (`level_id`);

--
-- Indexes for table `mathar`
--
ALTER TABLE `mathar`
  ADD PRIMARY KEY (`id_m`);

--
-- Indexes for table `news`
--
ALTER TABLE `news`
  ADD PRIMARY KEY (`n_id`);

--
-- Indexes for table `parent`
--
ALTER TABLE `parent`
  ADD PRIMARY KEY (`id_pa`);

--
-- Indexes for table `portfolio`
--
ALTER TABLE `portfolio`
  ADD PRIMARY KEY (`p_id`),
  ADD KEY `s_username` (`s_username`),
  ADD KEY `t_id` (`t_id`);

--
-- Indexes for table `position`
--
ALTER TABLE `position`
  ADD PRIMARY KEY (`po_id`);

--
-- Indexes for table `student`
--
ALTER TABLE `student`
  ADD PRIMARY KEY (`s_username`),
  ADD KEY `class_id` (`class_id`);

--
-- Indexes for table `teacher`
--
ALTER TABLE `teacher`
  ADD PRIMARY KEY (`t_id`);

--
-- Indexes for table `time`
--
ALTER TABLE `time`
  ADD PRIMARY KEY (`time_id`);

--
-- Indexes for table `year`
--
ALTER TABLE `year`
  ADD PRIMARY KEY (`y_id`);

--
-- AUTO_INCREMENT for dumped tables
--

--
-- AUTO_INCREMENT for table `branch`
--
ALTER TABLE `branch`
  MODIFY `b_id` tinyint(4) NOT NULL AUTO_INCREMENT, AUTO_INCREMENT=13;

--
-- AUTO_INCREMENT for table `class`
--
ALTER TABLE `class`
  MODIFY `class_id` int(11) NOT NULL AUTO_INCREMENT, AUTO_INCREMENT=20;

--
-- AUTO_INCREMENT for table `classroom`
--
ALTER TABLE `classroom`
  MODIFY `classroom_id` int(11) NOT NULL AUTO_INCREMENT, AUTO_INCREMENT=16;

--
-- AUTO_INCREMENT for table `course`
--
ALTER TABLE `course`
  MODIFY `c_id` tinyint(4) NOT NULL AUTO_INCREMENT, AUTO_INCREMENT=35;

--
-- AUTO_INCREMENT for table `day`
--
ALTER TABLE `day`
  MODIFY `day_id` tinyint(4) NOT NULL AUTO_INCREMENT, AUTO_INCREMENT=6;

--
-- AUTO_INCREMENT for table `department`
--
ALTER TABLE `department`
  MODIFY `d_id` tinyint(4) NOT NULL AUTO_INCREMENT, AUTO_INCREMENT=6;

--
-- AUTO_INCREMENT for table `father`
--
ALTER TABLE `father`
  MODIFY `id_f` smallint(6) NOT NULL AUTO_INCREMENT, AUTO_INCREMENT=92;

--
-- AUTO_INCREMENT for table `level`
--
ALTER TABLE `level`
  MODIFY `level_id` tinyint(4) NOT NULL AUTO_INCREMENT, AUTO_INCREMENT=8;

--
-- AUTO_INCREMENT for table `mathar`
--
ALTER TABLE `mathar`
  MODIFY `id_m` smallint(6) NOT NULL AUTO_INCREMENT, AUTO_INCREMENT=92;

--
-- AUTO_INCREMENT for table `news`
--
ALTER TABLE `news`
  MODIFY `n_id` tinyint(4) NOT NULL AUTO_INCREMENT, AUTO_INCREMENT=19;

--
-- AUTO_INCREMENT for table `parent`
--
ALTER TABLE `parent`
  MODIFY `id_pa` int(11) NOT NULL AUTO_INCREMENT, AUTO_INCREMENT=92;

--
-- AUTO_INCREMENT for table `portfolio`
--
ALTER TABLE `portfolio`
  MODIFY `p_id` int(11) NOT NULL AUTO_INCREMENT, AUTO_INCREMENT=8;

--
-- AUTO_INCREMENT for table `position`
--
ALTER TABLE `position`
  MODIFY `po_id` tinyint(4) NOT NULL AUTO_INCREMENT, AUTO_INCREMENT=14;

--
-- AUTO_INCREMENT for table `teacher`
--
ALTER TABLE `teacher`
  MODIFY `t_id` tinyint(4) NOT NULL AUTO_INCREMENT, AUTO_INCREMENT=9;

--
-- AUTO_INCREMENT for table `time`
--
ALTER TABLE `time`
  MODIFY `time_id` tinyint(4) NOT NULL AUTO_INCREMENT, AUTO_INCREMENT=5;

--
-- AUTO_INCREMENT for table `year`
--
ALTER TABLE `year`
  MODIFY `y_id` tinyint(4) NOT NULL AUTO_INCREMENT, AUTO_INCREMENT=5;

--
-- Constraints for dumped tables
--

--
-- Constraints for table `class`
--
ALTER TABLE `class`
  ADD CONSTRAINT `class_ibfk_1` FOREIGN KEY (`b_id`) REFERENCES `branch` (`b_id`);

--
-- Constraints for table `portfolio`
--
ALTER TABLE `portfolio`
  ADD CONSTRAINT `portfolio_ibfk_1` FOREIGN KEY (`s_username`) REFERENCES `student` (`s_username`),
  ADD CONSTRAINT `portfolio_ibfk_2` FOREIGN KEY (`t_id`) REFERENCES `teacher` (`t_id`);
COMMIT;

/*!40101 SET CHARACTER_SET_CLIENT=@OLD_CHARACTER_SET_CLIENT */;
/*!40101 SET CHARACTER_SET_RESULTS=@OLD_CHARACTER_SET_RESULTS */;
/*!40101 SET COLLATION_CONNECTION=@OLD_COLLATION_CONNECTION */;
